{"cameraMode":{"drawMode":0,"name":"Shaded","section":"Shading Mode"},"sceneLighting":true,"audioPlay":false,"sceneViewState":{"showFog":true,"showMaterialUpdate":false,"showSkybox":true,"showFlares":true,"showImageEffects":true,"showParticleSystems":true},"in2DMode":false,"pivot":{"x":-2.7581119537353517,"y":-0.26263427734375,"z":4.187451362609863},"rotation":{"x":-0.11423542350530625,"y":0.4399692118167877,"z":-0.05654047429561615,"w":-0.8889215588569641},"size":17.328792572021486,"orthographic":false}